<?xml version="1.0" encoding="UTF-8"?>
<templates>
    <t t-name="web.datepicker">
        <div class="o_datepicker">
            <t t-set="placeholder" t-value="widget.getParent().node and widget.getParent().node.attrs.placeholder"/>
            <input type="text"
                   t-att-name="widget.name"
                   t-att-placeholder="placeholder"
                   class="oe_datepicker_master oe_simple_date"/>
            <span class="fa fa-calendar o_datepicker_button"/>
            <input t-att-id="widget.name" type="text"
                   t-att-placeholder="placeholder"
                   class="oe_hijri oe_datepicker_master"
            />
        </div>
    </t>
    <t t-name="FieldDate">
        <t t-jquery=".oe_form_field" t-operation="replace">
            <div class="oe_simple_date">
                <span class="oe_form_field oe_simple_date oe_datepicker_root oe_form_field_datetime oe_simple_date"
                      t-att-style="widget.node.attrs.style"/>
                <span class="oe_form_field oe_simple_date oe_datepicker_root oe_form_field_datetime oe_hijri_date"
                      t-att-style="widget.node.attrs.style"/>

            </div>
        </t>
    </t>
    <t t-name="FieldDatetime">
        <t t-jquery=".oe_form_field" t-operation="replace">
            <div class="oe_simple_date">
                <span class="oe_form_field oe_simple_date oe_datepicker_root oe_form_field_datetime oe_simple_date"
                      t-att-style="widget.node.attrs.style"/>
                <span class="oe_form_field oe_hijri_date oe_datepicker_root oe_form_field_datetime oe_hijri_date"
                      t-att-style="widget.node.attrs.style"/>
            </div>
        </t>
    </t>
</templates>